dataset,split,input_path,target_path,category,illumination_level
lol_v1,test,data/preprocessed/lol_v1/eval15/low/1.png,data/preprocessed/lol_v1/eval15/high/1.png,,
lol_v1,test,data/preprocessed/lol_v1/eval15/low/111.png,data/preprocessed/lol_v1/eval15/high/111.png,,
lol_v1,test,data/preprocessed/lol_v1/eval15/low/146.png,data/preprocessed/lol_v1/eval15/high/146.png,,
lol_v1,test,data/preprocessed/lol_v1/eval15/low/179.png,data/preprocessed/lol_v1/eval15/high/179.png,,
lol_v1,test,data/preprocessed/lol_v1/eval15/low/22.png,data/preprocessed/lol_v1/eval15/high/22.png,,
lol_v1,test,data/preprocessed/lol_v1/eval15/low/23.png,data/preprocessed/lol_v1/eval15/high/23.png,,
lol_v1,test,data/preprocessed/lol_v1/eval15/low/493.png,data/preprocessed/lol_v1/eval15/high/493.png,,
lol_v1,test,data/preprocessed/lol_v1/eval15/low/547.png,data/preprocessed/lol_v1/eval15/high/547.png,,
lol_v1,test,data/preprocessed/lol_v1/eval15/low/55.png,data/preprocessed/lol_v1/eval15/high/55.png,,
lol_v1,test,data/preprocessed/lol_v1/eval15/low/665.png,data/preprocessed/lol_v1/eval15/high/665.png,,
lol_v1,test,data/preprocessed/lol_v1/eval15/low/669.png,data/preprocessed/lol_v1/eval15/high/669.png,,
lol_v1,test,data/preprocessed/lol_v1/eval15/low/748.png,data/preprocessed/lol_v1/eval15/high/748.png,,
lol_v1,test,data/preprocessed/lol_v1/eval15/low/778.png,data/preprocessed/lol_v1/eval15/high/778.png,,
lol_v1,test,data/preprocessed/lol_v1/eval15/low/780.png,data/preprocessed/lol_v1/eval15/high/780.png,,
lol_v1,test,data/preprocessed/lol_v1/eval15/low/79.png,data/preprocessed/lol_v1/eval15/high/79.png,,
lol_v1,test,data/preprocessed/lol_v1/our485/low/10.png,data/preprocessed/lol_v1/our485/high/10.png,,
lol_v1,test,data/preprocessed/lol_v1/our485/low/100.png,data/preprocessed/lol_v1/our485/high/100.png,,
lol_v1,test,data/preprocessed/lol_v1/our485/low/101.png,data/preprocessed/lol_v1/our485/high/101.png,,
lol_v1,test,data/preprocessed/lol_v1/our485/low/102.png,data/preprocessed/lol_v1/our485/high/102.png,,
lol_v1,test,data/preprocessed/lol_v1/our485/low/103.png,data/preprocessed/lol_v1/our485/high/103.png,,
lol_v1,test,data/preprocessed/lol_v1/our485/low/104.png,data/preprocessed/lol_v1/our485/high/104.png,,
lol_v1,test,data/preprocessed/lol_v1/our485/low/105.png,data/preprocessed/lol_v1/our485/high/105.png,,
lol_v1,test,data/preprocessed/lol_v1/our485/low/106.png,data/preprocessed/lol_v1/our485/high/106.png,,
lol_v1,test,data/preprocessed/lol_v1/our485/low/107.png,data/preprocessed/lol_v1/our485/high/107.png,,
lol_v1,test,data/preprocessed/lol_v1/our485/low/109.png,data/preprocessed/lol_v1/our485/high/109.png,,
lol_v1,test,data/preprocessed/lol_v1/our485/low/110.png,data/preprocessed/lol_v1/our485/high/110.png,,
lol_v1,test,data/preprocessed/lol_v1/our485/low/112.png,data/preprocessed/lol_v1/our485/high/112.png,,
lol_v1,test,data/preprocessed/lol_v1/our485/low/113.png,data/preprocessed/lol_v1/our485/high/113.png,,
lol_v1,test,data/preprocessed/lol_v1/our485/low/114.png,data/preprocessed/lol_v1/our485/high/114.png,,
lol_v1,test,data/preprocessed/lol_v1/our485/low/115.png,data/preprocessed/lol_v1/our485/high/115.png,,
lol_v1,test,data/preprocessed/lol_v1/our485/low/116.png,data/preprocessed/lol_v1/our485/high/116.png,,
lol_v1,test,data/preprocessed/lol_v1/our485/low/117.png,data/preprocessed/lol_v1/our485/high/117.png,,
lol_v1,test,data/preprocessed/lol_v1/our485/low/118.png,data/preprocessed/lol_v1/our485/high/118.png,,
lol_v1,test,data/preprocessed/lol_v1/our485/low/119.png,data/preprocessed/lol_v1/our485/high/119.png,,
lol_v1,test,data/preprocessed/lol_v1/our485/low/12.png,data/preprocessed/lol_v1/our485/high/12.png,,
lol_v1,test,data/preprocessed/lol_v1/our485/low/120.png,data/preprocessed/lol_v1/our485/high/120.png,,
lol_v1,test,data/preprocessed/lol_v1/our485/low/121.png,data/preprocessed/lol_v1/our485/high/121.png,,
lol_v1,test,data/preprocessed/lol_v1/our485/low/122.png,data/preprocessed/lol_v1/our485/high/122.png,,
lol_v1,test,data/preprocessed/lol_v1/our485/low/123.png,data/preprocessed/lol_v1/our485/high/123.png,,
lol_v1,test,data/preprocessed/lol_v1/our485/low/124.png,data/preprocessed/lol_v1/our485/high/124.png,,
lol_v1,test,data/preprocessed/lol_v1/our485/low/125.png,data/preprocessed/lol_v1/our485/high/125.png,,
lol_v1,test,data/preprocessed/lol_v1/our485/low/126.png,data/preprocessed/lol_v1/our485/high/126.png,,
lol_v1,test,data/preprocessed/lol_v1/our485/low/127.png,data/preprocessed/lol_v1/our485/high/127.png,,
lol_v1,test,data/preprocessed/lol_v1/our485/low/128.png,data/preprocessed/lol_v1/our485/high/128.png,,
lol_v1,test,data/preprocessed/lol_v1/our485/low/129.png,data/preprocessed/lol_v1/our485/high/129.png,,
lol_v1,test,data/preprocessed/lol_v1/our485/low/13.png,data/preprocessed/lol_v1/our485/high/13.png,,
lol_v1,test,data/preprocessed/lol_v1/our485/low/130.png,data/preprocessed/lol_v1/our485/high/130.png,,
lol_v1,test,data/preprocessed/lol_v1/our485/low/131.png,data/preprocessed/lol_v1/our485/high/131.png,,
lol_v1,test,data/preprocessed/lol_v1/our485/low/132.png,data/preprocessed/lol_v1/our485/high/132.png,,
lol_v1,test,data/preprocessed/lol_v1/our485/low/135.png,data/preprocessed/lol_v1/our485/high/135.png,,
lol_v1,test,data/preprocessed/lol_v1/our485/low/136.png,data/preprocessed/lol_v1/our485/high/136.png,,
lol_v1,test,data/preprocessed/lol_v1/our485/low/137.png,data/preprocessed/lol_v1/our485/high/137.png,,
lol_v1,test,data/preprocessed/lol_v1/our485/low/138.png,data/preprocessed/lol_v1/our485/high/138.png,,
lol_v1,test,data/preprocessed/lol_v1/our485/low/139.png,data/preprocessed/lol_v1/our485/high/139.png,,
lol_v1,test,data/preprocessed/lol_v1/our485/low/14.png,data/preprocessed/lol_v1/our485/high/14.png,,
lol_v1,test,data/preprocessed/lol_v1/our485/low/140.png,data/preprocessed/lol_v1/our485/high/140.png,,
lol_v1,test,data/preprocessed/lol_v1/our485/low/141.png,data/preprocessed/lol_v1/our485/high/141.png,,
lol_v1,test,data/preprocessed/lol_v1/our485/low/142.png,data/preprocessed/lol_v1/our485/high/142.png,,
lol_v1,test,data/preprocessed/lol_v1/our485/low/143.png,data/preprocessed/lol_v1/our485/high/143.png,,
lol_v1,test,data/preprocessed/lol_v1/our485/low/144.png,data/preprocessed/lol_v1/our485/high/144.png,,
lol_v1,test,data/preprocessed/lol_v1/our485/low/145.png,data/preprocessed/lol_v1/our485/high/145.png,,
lol_v1,test,data/preprocessed/lol_v1/our485/low/147.png,data/preprocessed/lol_v1/our485/high/147.png,,
lol_v1,test,data/preprocessed/lol_v1/our485/low/149.png,data/preprocessed/lol_v1/our485/high/149.png,,
lol_v1,test,data/preprocessed/lol_v1/our485/low/15.png,data/preprocessed/lol_v1/our485/high/15.png,,
lol_v1,test,data/preprocessed/lol_v1/our485/low/150.png,data/preprocessed/lol_v1/our485/high/150.png,,
lol_v1,test,data/preprocessed/lol_v1/our485/low/151.png,data/preprocessed/lol_v1/our485/high/151.png,,
lol_v1,test,data/preprocessed/lol_v1/our485/low/152.png,data/preprocessed/lol_v1/our485/high/152.png,,
lol_v1,test,data/preprocessed/lol_v1/our485/low/154.png,data/preprocessed/lol_v1/our485/high/154.png,,
lol_v1,test,data/preprocessed/lol_v1/our485/low/157.png,data/preprocessed/lol_v1/our485/high/157.png,,
lol_v1,test,data/preprocessed/lol_v1/our485/low/159.png,data/preprocessed/lol_v1/our485/high/159.png,,
lol_v1,test,data/preprocessed/lol_v1/our485/low/16.png,data/preprocessed/lol_v1/our485/high/16.png,,
lol_v1,test,data/preprocessed/lol_v1/our485/low/160.png,data/preprocessed/lol_v1/our485/high/160.png,,
lol_v1,test,data/preprocessed/lol_v1/our485/low/162.png,data/preprocessed/lol_v1/our485/high/162.png,,
lol_v1,test,data/preprocessed/lol_v1/our485/low/167.png,data/preprocessed/lol_v1/our485/high/167.png,,
lol_v1,test,data/preprocessed/lol_v1/our485/low/169.png,data/preprocessed/lol_v1/our485/high/169.png,,
lol_v1,test,data/preprocessed/lol_v1/our485/low/17.png,data/preprocessed/lol_v1/our485/high/17.png,,
lol_v1,test,data/preprocessed/lol_v1/our485/low/171.png,data/preprocessed/lol_v1/our485/high/171.png,,
lol_v1,test,data/preprocessed/lol_v1/our485/low/172.png,data/preprocessed/lol_v1/our485/high/172.png,,
lol_v1,test,data/preprocessed/lol_v1/our485/low/173.png,data/preprocessed/lol_v1/our485/high/173.png,,
lol_v1,test,data/preprocessed/lol_v1/our485/low/174.png,data/preprocessed/lol_v1/our485/high/174.png,,
lol_v1,test,data/preprocessed/lol_v1/our485/low/175.png,data/preprocessed/lol_v1/our485/high/175.png,,
lol_v1,test,data/preprocessed/lol_v1/our485/low/176.png,data/preprocessed/lol_v1/our485/high/176.png,,
lol_v1,test,data/preprocessed/lol_v1/our485/low/18.png,data/preprocessed/lol_v1/our485/high/18.png,,
lol_v1,test,data/preprocessed/lol_v1/our485/low/180.png,data/preprocessed/lol_v1/our485/high/180.png,,
lol_v1,test,data/preprocessed/lol_v1/our485/low/183.png,data/preprocessed/lol_v1/our485/high/183.png,,
lol_v1,test,data/preprocessed/lol_v1/our485/low/184.png,data/preprocessed/lol_v1/our485/high/184.png,,
lol_v1,test,data/preprocessed/lol_v1/our485/low/185.png,data/preprocessed/lol_v1/our485/high/185.png,,
lol_v1,test,data/preprocessed/lol_v1/our485/low/186.png,data/preprocessed/lol_v1/our485/high/186.png,,
lol_v1,test,data/preprocessed/lol_v1/our485/low/187.png,data/preprocessed/lol_v1/our485/high/187.png,,
lol_v1,test,data/preprocessed/lol_v1/our485/low/188.png,data/preprocessed/lol_v1/our485/high/188.png,,
lol_v1,test,data/preprocessed/lol_v1/our485/low/189.png,data/preprocessed/lol_v1/our485/high/189.png,,
lol_v1,test,data/preprocessed/lol_v1/our485/low/191.png,data/preprocessed/lol_v1/our485/high/191.png,,
lol_v1,test,data/preprocessed/lol_v1/our485/low/193.png,data/preprocessed/lol_v1/our485/high/193.png,,
lol_v1,test,data/preprocessed/lol_v1/our485/low/194.png,data/preprocessed/lol_v1/our485/high/194.png,,
lol_v1,test,data/preprocessed/lol_v1/our485/low/195.png,data/preprocessed/lol_v1/our485/high/195.png,,
lol_v1,test,data/preprocessed/lol_v1/our485/low/196.png,data/preprocessed/lol_v1/our485/high/196.png,,
lol_v1,test,data/preprocessed/lol_v1/our485/low/198.png,data/preprocessed/lol_v1/our485/high/198.png,,
lol_v1,test,data/preprocessed/lol_v1/our485/low/199.png,data/preprocessed/lol_v1/our485/high/199.png,,
lol_v1,test,data/preprocessed/lol_v1/our485/low/2.png,data/preprocessed/lol_v1/our485/high/2.png,,
lol_v1,test,data/preprocessed/lol_v1/our485/low/200.png,data/preprocessed/lol_v1/our485/high/200.png,,
lol_v1,test,data/preprocessed/lol_v1/our485/low/201.png,data/preprocessed/lol_v1/our485/high/201.png,,
lol_v1,test,data/preprocessed/lol_v1/our485/low/202.png,data/preprocessed/lol_v1/our485/high/202.png,,
lol_v1,test,data/preprocessed/lol_v1/our485/low/203.png,data/preprocessed/lol_v1/our485/high/203.png,,
lol_v1,test,data/preprocessed/lol_v1/our485/low/204.png,data/preprocessed/lol_v1/our485/high/204.png,,
lol_v1,test,data/preprocessed/lol_v1/our485/low/206.png,data/preprocessed/lol_v1/our485/high/206.png,,
lol_v1,test,data/preprocessed/lol_v1/our485/low/207.png,data/preprocessed/lol_v1/our485/high/207.png,,
lol_v1,test,data/preprocessed/lol_v1/our485/low/209.png,data/preprocessed/lol_v1/our485/high/209.png,,
lol_v1,test,data/preprocessed/lol_v1/our485/low/21.png,data/preprocessed/lol_v1/our485/high/21.png,,
lol_v1,test,data/preprocessed/lol_v1/our485/low/210.png,data/preprocessed/lol_v1/our485/high/210.png,,
lol_v1,test,data/preprocessed/lol_v1/our485/low/211.png,data/preprocessed/lol_v1/our485/high/211.png,,
lol_v1,test,data/preprocessed/lol_v1/our485/low/212.png,data/preprocessed/lol_v1/our485/high/212.png,,
lol_v1,test,data/preprocessed/lol_v1/our485/low/213.png,data/preprocessed/lol_v1/our485/high/213.png,,
lol_v1,test,data/preprocessed/lol_v1/our485/low/215.png,data/preprocessed/lol_v1/our485/high/215.png,,
lol_v1,test,data/preprocessed/lol_v1/our485/low/216.png,data/preprocessed/lol_v1/our485/high/216.png,,
lol_v1,test,data/preprocessed/lol_v1/our485/low/219.png,data/preprocessed/lol_v1/our485/high/219.png,,
lol_v1,test,data/preprocessed/lol_v1/our485/low/220.png,data/preprocessed/lol_v1/our485/high/220.png,,
lol_v1,test,data/preprocessed/lol_v1/our485/low/221.png,data/preprocessed/lol_v1/our485/high/221.png,,
lol_v1,test,data/preprocessed/lol_v1/our485/low/222.png,data/preprocessed/lol_v1/our485/high/222.png,,
lol_v1,test,data/preprocessed/lol_v1/our485/low/225.png,data/preprocessed/lol_v1/our485/high/225.png,,
lol_v1,test,data/preprocessed/lol_v1/our485/low/227.png,data/preprocessed/lol_v1/our485/high/227.png,,
lol_v1,test,data/preprocessed/lol_v1/our485/low/228.png,data/preprocessed/lol_v1/our485/high/228.png,,
lol_v1,test,data/preprocessed/lol_v1/our485/low/229.png,data/preprocessed/lol_v1/our485/high/229.png,,
lol_v1,test,data/preprocessed/lol_v1/our485/low/230.png,data/preprocessed/lol_v1/our485/high/230.png,,
lol_v1,test,data/preprocessed/lol_v1/our485/low/231.png,data/preprocessed/lol_v1/our485/high/231.png,,
lol_v1,test,data/preprocessed/lol_v1/our485/low/232.png,data/preprocessed/lol_v1/our485/high/232.png,,
lol_v1,test,data/preprocessed/lol_v1/our485/low/233.png,data/preprocessed/lol_v1/our485/high/233.png,,
lol_v1,test,data/preprocessed/lol_v1/our485/low/235.png,data/preprocessed/lol_v1/our485/high/235.png,,
lol_v1,test,data/preprocessed/lol_v1/our485/low/236.png,data/preprocessed/lol_v1/our485/high/236.png,,
lol_v1,test,data/preprocessed/lol_v1/our485/low/237.png,data/preprocessed/lol_v1/our485/high/237.png,,
lol_v1,test,data/preprocessed/lol_v1/our485/low/238.png,data/preprocessed/lol_v1/our485/high/238.png,,
lol_v1,test,data/preprocessed/lol_v1/our485/low/239.png,data/preprocessed/lol_v1/our485/high/239.png,,
lol_v1,test,data/preprocessed/lol_v1/our485/low/24.png,data/preprocessed/lol_v1/our485/high/24.png,,
lol_v1,test,data/preprocessed/lol_v1/our485/low/240.png,data/preprocessed/lol_v1/our485/high/240.png,,
lol_v1,test,data/preprocessed/lol_v1/our485/low/241.png,data/preprocessed/lol_v1/our485/high/241.png,,
lol_v1,test,data/preprocessed/lol_v1/our485/low/242.png,data/preprocessed/lol_v1/our485/high/242.png,,
lol_v1,test,data/preprocessed/lol_v1/our485/low/243.png,data/preprocessed/lol_v1/our485/high/243.png,,
lol_v1,test,data/preprocessed/lol_v1/our485/low/244.png,data/preprocessed/lol_v1/our485/high/244.png,,
lol_v1,test,data/preprocessed/lol_v1/our485/low/246.png,data/preprocessed/lol_v1/our485/high/246.png,,
lol_v1,test,data/preprocessed/lol_v1/our485/low/247.png,data/preprocessed/lol_v1/our485/high/247.png,,
lol_v1,test,data/preprocessed/lol_v1/our485/low/248.png,data/preprocessed/lol_v1/our485/high/248.png,,
lol_v1,test,data/preprocessed/lol_v1/our485/low/249.png,data/preprocessed/lol_v1/our485/high/249.png,,
lol_v1,test,data/preprocessed/lol_v1/our485/low/25.png,data/preprocessed/lol_v1/our485/high/25.png,,
lol_v1,test,data/preprocessed/lol_v1/our485/low/250.png,data/preprocessed/lol_v1/our485/high/250.png,,
lol_v1,test,data/preprocessed/lol_v1/our485/low/251.png,data/preprocessed/lol_v1/our485/high/251.png,,
lol_v1,test,data/preprocessed/lol_v1/our485/low/252.png,data/preprocessed/lol_v1/our485/high/252.png,,
lol_v1,test,data/preprocessed/lol_v1/our485/low/253.png,data/preprocessed/lol_v1/our485/high/253.png,,
lol_v1,test,data/preprocessed/lol_v1/our485/low/254.png,data/preprocessed/lol_v1/our485/high/254.png,,
lol_v1,test,data/preprocessed/lol_v1/our485/low/257.png,data/preprocessed/lol_v1/our485/high/257.png,,
lol_v1,test,data/preprocessed/lol_v1/our485/low/258.png,data/preprocessed/lol_v1/our485/high/258.png,,
lol_v1,test,data/preprocessed/lol_v1/our485/low/259.png,data/preprocessed/lol_v1/our485/high/259.png,,
lol_v1,test,data/preprocessed/lol_v1/our485/low/26.png,data/preprocessed/lol_v1/our485/high/26.png,,
lol_v1,test,data/preprocessed/lol_v1/our485/low/260.png,data/preprocessed/lol_v1/our485/high/260.png,,
lol_v1,test,data/preprocessed/lol_v1/our485/low/261.png,data/preprocessed/lol_v1/our485/high/261.png,,
lol_v1,test,data/preprocessed/lol_v1/our485/low/262.png,data/preprocessed/lol_v1/our485/high/262.png,,
lol_v1,test,data/preprocessed/lol_v1/our485/low/263.png,data/preprocessed/lol_v1/our485/high/263.png,,
lol_v1,test,data/preprocessed/lol_v1/our485/low/264.png,data/preprocessed/lol_v1/our485/high/264.png,,
lol_v1,test,data/preprocessed/lol_v1/our485/low/265.png,data/preprocessed/lol_v1/our485/high/265.png,,
lol_v1,test,data/preprocessed/lol_v1/our485/low/267.png,data/preprocessed/lol_v1/our485/high/267.png,,
lol_v1,test,data/preprocessed/lol_v1/our485/low/27.png,data/preprocessed/lol_v1/our485/high/27.png,,
lol_v1,test,data/preprocessed/lol_v1/our485/low/28.png,data/preprocessed/lol_v1/our485/high/28.png,,
lol_v1,test,data/preprocessed/lol_v1/our485/low/328.png,data/preprocessed/lol_v1/our485/high/328.png,,
lol_v1,test,data/preprocessed/lol_v1/our485/low/33.png,data/preprocessed/lol_v1/our485/high/33.png,,
lol_v1,test,data/preprocessed/lol_v1/our485/low/330.png,data/preprocessed/lol_v1/our485/high/330.png,,
lol_v1,test,data/preprocessed/lol_v1/our485/low/342.png,data/preprocessed/lol_v1/our485/high/342.png,,
lol_v1,test,data/preprocessed/lol_v1/our485/low/344.png,data/preprocessed/lol_v1/our485/high/344.png,,
lol_v1,test,data/preprocessed/lol_v1/our485/low/35.png,data/preprocessed/lol_v1/our485/high/35.png,,
lol_v1,test,data/preprocessed/lol_v1/our485/low/36.png,data/preprocessed/lol_v1/our485/high/36.png,,
lol_v1,test,data/preprocessed/lol_v1/our485/low/38.png,data/preprocessed/lol_v1/our485/high/38.png,,
lol_v1,test,data/preprocessed/lol_v1/our485/low/39.png,data/preprocessed/lol_v1/our485/high/39.png,,
lol_v1,test,data/preprocessed/lol_v1/our485/low/40.png,data/preprocessed/lol_v1/our485/high/40.png,,
lol_v1,test,data/preprocessed/lol_v1/our485/low/42.png,data/preprocessed/lol_v1/our485/high/42.png,,
lol_v1,test,data/preprocessed/lol_v1/our485/low/43.png,data/preprocessed/lol_v1/our485/high/43.png,,
lol_v1,test,data/preprocessed/lol_v1/our485/low/44.png,data/preprocessed/lol_v1/our485/high/44.png,,
lol_v1,test,data/preprocessed/lol_v1/our485/low/45.png,data/preprocessed/lol_v1/our485/high/45.png,,
lol_v1,test,data/preprocessed/lol_v1/our485/low/450.png,data/preprocessed/lol_v1/our485/high/450.png,,
lol_v1,test,data/preprocessed/lol_v1/our485/low/46.png,data/preprocessed/lol_v1/our485/high/46.png,,
lol_v1,test,data/preprocessed/lol_v1/our485/low/460.png,data/preprocessed/lol_v1/our485/high/460.png,,
lol_v1,test,data/preprocessed/lol_v1/our485/low/464.png,data/preprocessed/lol_v1/our485/high/464.png,,
lol_v1,test,data/preprocessed/lol_v1/our485/low/468.png,data/preprocessed/lol_v1/our485/high/468.png,,
lol_v1,test,data/preprocessed/lol_v1/our485/low/469.png,data/preprocessed/lol_v1/our485/high/469.png,,
lol_v1,test,data/preprocessed/lol_v1/our485/low/47.png,data/preprocessed/lol_v1/our485/high/47.png,,
lol_v1,test,data/preprocessed/lol_v1/our485/low/470.png,data/preprocessed/lol_v1/our485/high/470.png,,
lol_v1,test,data/preprocessed/lol_v1/our485/low/471.png,data/preprocessed/lol_v1/our485/high/471.png,,
lol_v1,test,data/preprocessed/lol_v1/our485/low/472.png,data/preprocessed/lol_v1/our485/high/472.png,,
lol_v1,test,data/preprocessed/lol_v1/our485/low/473.png,data/preprocessed/lol_v1/our485/high/473.png,,
lol_v1,test,data/preprocessed/lol_v1/our485/low/474.png,data/preprocessed/lol_v1/our485/high/474.png,,
lol_v1,test,data/preprocessed/lol_v1/our485/low/475.png,data/preprocessed/lol_v1/our485/high/475.png,,
lol_v1,test,data/preprocessed/lol_v1/our485/low/476.png,data/preprocessed/lol_v1/our485/high/476.png,,
lol_v1,test,data/preprocessed/lol_v1/our485/low/477.png,data/preprocessed/lol_v1/our485/high/477.png,,
lol_v1,test,data/preprocessed/lol_v1/our485/low/478.png,data/preprocessed/lol_v1/our485/high/478.png,,
lol_v1,test,data/preprocessed/lol_v1/our485/low/479.png,data/preprocessed/lol_v1/our485/high/479.png,,
lol_v1,test,data/preprocessed/lol_v1/our485/low/48.png,data/preprocessed/lol_v1/our485/high/48.png,,
lol_v1,test,data/preprocessed/lol_v1/our485/low/480.png,data/preprocessed/lol_v1/our485/high/480.png,,
lol_v1,test,data/preprocessed/lol_v1/our485/low/481.png,data/preprocessed/lol_v1/our485/high/481.png,,
lol_v1,test,data/preprocessed/lol_v1/our485/low/482.png,data/preprocessed/lol_v1/our485/high/482.png,,
lol_v1,test,data/preprocessed/lol_v1/our485/low/483.png,data/preprocessed/lol_v1/our485/high/483.png,,
lol_v1,test,data/preprocessed/lol_v1/our485/low/484.png,data/preprocessed/lol_v1/our485/high/484.png,,
lol_v1,test,data/preprocessed/lol_v1/our485/low/485.png,data/preprocessed/lol_v1/our485/high/485.png,,
lol_v1,test,data/preprocessed/lol_v1/our485/low/486.png,data/preprocessed/lol_v1/our485/high/486.png,,
lol_v1,test,data/preprocessed/lol_v1/our485/low/487.png,data/preprocessed/lol_v1/our485/high/487.png,,
lol_v1,test,data/preprocessed/lol_v1/our485/low/488.png,data/preprocessed/lol_v1/our485/high/488.png,,
lol_v1,test,data/preprocessed/lol_v1/our485/low/489.png,data/preprocessed/lol_v1/our485/high/489.png,,
lol_v1,test,data/preprocessed/lol_v1/our485/low/490.png,data/preprocessed/lol_v1/our485/high/490.png,,
lol_v1,test,data/preprocessed/lol_v1/our485/low/491.png,data/preprocessed/lol_v1/our485/high/491.png,,
lol_v1,test,data/preprocessed/lol_v1/our485/low/492.png,data/preprocessed/lol_v1/our485/high/492.png,,
lol_v1,test,data/preprocessed/lol_v1/our485/low/494.png,data/preprocessed/lol_v1/our485/high/494.png,,
lol_v1,test,data/preprocessed/lol_v1/our485/low/495.png,data/preprocessed/lol_v1/our485/high/495.png,,
lol_v1,test,data/preprocessed/lol_v1/our485/low/496.png,data/preprocessed/lol_v1/our485/high/496.png,,
lol_v1,test,data/preprocessed/lol_v1/our485/low/497.png,data/preprocessed/lol_v1/our485/high/497.png,,
lol_v1,test,data/preprocessed/lol_v1/our485/low/498.png,data/preprocessed/lol_v1/our485/high/498.png,,
lol_v1,test,data/preprocessed/lol_v1/our485/low/499.png,data/preprocessed/lol_v1/our485/high/499.png,,
lol_v1,test,data/preprocessed/lol_v1/our485/low/5.png,data/preprocessed/lol_v1/our485/high/5.png,,
lol_v1,test,data/preprocessed/lol_v1/our485/low/50.png,data/preprocessed/lol_v1/our485/high/50.png,,
lol_v1,test,data/preprocessed/lol_v1/our485/low/500.png,data/preprocessed/lol_v1/our485/high/500.png,,
lol_v1,test,data/preprocessed/lol_v1/our485/low/501.png,data/preprocessed/lol_v1/our485/high/501.png,,
lol_v1,test,data/preprocessed/lol_v1/our485/low/502.png,data/preprocessed/lol_v1/our485/high/502.png,,
lol_v1,test,data/preprocessed/lol_v1/our485/low/504.png,data/preprocessed/lol_v1/our485/high/504.png,,
lol_v1,test,data/preprocessed/lol_v1/our485/low/505.png,data/preprocessed/lol_v1/our485/high/505.png,,
lol_v1,test,data/preprocessed/lol_v1/our485/low/506.png,data/preprocessed/lol_v1/our485/high/506.png,,
lol_v1,test,data/preprocessed/lol_v1/our485/low/507.png,data/preprocessed/lol_v1/our485/high/507.png,,
lol_v1,test,data/preprocessed/lol_v1/our485/low/508.png,data/preprocessed/lol_v1/our485/high/508.png,,
lol_v1,test,data/preprocessed/lol_v1/our485/low/51.png,data/preprocessed/lol_v1/our485/high/51.png,,
lol_v1,test,data/preprocessed/lol_v1/our485/low/511.png,data/preprocessed/lol_v1/our485/high/511.png,,
lol_v1,test,data/preprocessed/lol_v1/our485/low/512.png,data/preprocessed/lol_v1/our485/high/512.png,,
lol_v1,test,data/preprocessed/lol_v1/our485/low/514.png,data/preprocessed/lol_v1/our485/high/514.png,,
lol_v1,test,data/preprocessed/lol_v1/our485/low/515.png,data/preprocessed/lol_v1/our485/high/515.png,,
lol_v1,test,data/preprocessed/lol_v1/our485/low/517.png,data/preprocessed/lol_v1/our485/high/517.png,,
lol_v1,test,data/preprocessed/lol_v1/our485/low/52.png,data/preprocessed/lol_v1/our485/high/52.png,,
lol_v1,test,data/preprocessed/lol_v1/our485/low/522.png,data/preprocessed/lol_v1/our485/high/522.png,,
lol_v1,test,data/preprocessed/lol_v1/our485/low/523.png,data/preprocessed/lol_v1/our485/high/523.png,,
lol_v1,test,data/preprocessed/lol_v1/our485/low/524.png,data/preprocessed/lol_v1/our485/high/524.png,,
lol_v1,test,data/preprocessed/lol_v1/our485/low/525.png,data/preprocessed/lol_v1/our485/high/525.png,,
lol_v1,test,data/preprocessed/lol_v1/our485/low/526.png,data/preprocessed/lol_v1/our485/high/526.png,,
lol_v1,test,data/preprocessed/lol_v1/our485/low/527.png,data/preprocessed/lol_v1/our485/high/527.png,,
lol_v1,test,data/preprocessed/lol_v1/our485/low/528.png,data/preprocessed/lol_v1/our485/high/528.png,,
lol_v1,test,data/preprocessed/lol_v1/our485/low/529.png,data/preprocessed/lol_v1/our485/high/529.png,,
lol_v1,test,data/preprocessed/lol_v1/our485/low/53.png,data/preprocessed/lol_v1/our485/high/53.png,,
lol_v1,test,data/preprocessed/lol_v1/our485/low/530.png,data/preprocessed/lol_v1/our485/high/530.png,,
lol_v1,test,data/preprocessed/lol_v1/our485/low/531.png,data/preprocessed/lol_v1/our485/high/531.png,,
lol_v1,test,data/preprocessed/lol_v1/our485/low/532.png,data/preprocessed/lol_v1/our485/high/532.png,,
lol_v1,test,data/preprocessed/lol_v1/our485/low/533.png,data/preprocessed/lol_v1/our485/high/533.png,,
lol_v1,test,data/preprocessed/lol_v1/our485/low/534.png,data/preprocessed/lol_v1/our485/high/534.png,,
lol_v1,test,data/preprocessed/lol_v1/our485/low/535.png,data/preprocessed/lol_v1/our485/high/535.png,,
lol_v1,test,data/preprocessed/lol_v1/our485/low/537.png,data/preprocessed/lol_v1/our485/high/537.png,,
lol_v1,test,data/preprocessed/lol_v1/our485/low/538.png,data/preprocessed/lol_v1/our485/high/538.png,,
lol_v1,test,data/preprocessed/lol_v1/our485/low/539.png,data/preprocessed/lol_v1/our485/high/539.png,,
lol_v1,test,data/preprocessed/lol_v1/our485/low/54.png,data/preprocessed/lol_v1/our485/high/54.png,,
lol_v1,test,data/preprocessed/lol_v1/our485/low/540.png,data/preprocessed/lol_v1/our485/high/540.png,,
lol_v1,test,data/preprocessed/lol_v1/our485/low/541.png,data/preprocessed/lol_v1/our485/high/541.png,,
lol_v1,test,data/preprocessed/lol_v1/our485/low/542.png,data/preprocessed/lol_v1/our485/high/542.png,,
lol_v1,test,data/preprocessed/lol_v1/our485/low/543.png,data/preprocessed/lol_v1/our485/high/543.png,,
lol_v1,test,data/preprocessed/lol_v1/our485/low/544.png,data/preprocessed/lol_v1/our485/high/544.png,,
lol_v1,test,data/preprocessed/lol_v1/our485/low/545.png,data/preprocessed/lol_v1/our485/high/545.png,,
lol_v1,test,data/preprocessed/lol_v1/our485/low/546.png,data/preprocessed/lol_v1/our485/high/546.png,,
lol_v1,test,data/preprocessed/lol_v1/our485/low/548.png,data/preprocessed/lol_v1/our485/high/548.png,,
lol_v1,test,data/preprocessed/lol_v1/our485/low/549.png,data/preprocessed/lol_v1/our485/high/549.png,,
lol_v1,test,data/preprocessed/lol_v1/our485/low/550.png,data/preprocessed/lol_v1/our485/high/550.png,,
lol_v1,test,data/preprocessed/lol_v1/our485/low/551.png,data/preprocessed/lol_v1/our485/high/551.png,,
lol_v1,test,data/preprocessed/lol_v1/our485/low/552.png,data/preprocessed/lol_v1/our485/high/552.png,,
lol_v1,test,data/preprocessed/lol_v1/our485/low/553.png,data/preprocessed/lol_v1/our485/high/553.png,,
lol_v1,test,data/preprocessed/lol_v1/our485/low/554.png,data/preprocessed/lol_v1/our485/high/554.png,,
lol_v1,test,data/preprocessed/lol_v1/our485/low/555.png,data/preprocessed/lol_v1/our485/high/555.png,,
lol_v1,test,data/preprocessed/lol_v1/our485/low/556.png,data/preprocessed/lol_v1/our485/high/556.png,,
lol_v1,test,data/preprocessed/lol_v1/our485/low/557.png,data/preprocessed/lol_v1/our485/high/557.png,,
lol_v1,test,data/preprocessed/lol_v1/our485/low/558.png,data/preprocessed/lol_v1/our485/high/558.png,,
lol_v1,test,data/preprocessed/lol_v1/our485/low/559.png,data/preprocessed/lol_v1/our485/high/559.png,,
lol_v1,test,data/preprocessed/lol_v1/our485/low/56.png,data/preprocessed/lol_v1/our485/high/56.png,,
lol_v1,test,data/preprocessed/lol_v1/our485/low/560.png,data/preprocessed/lol_v1/our485/high/560.png,,
lol_v1,test,data/preprocessed/lol_v1/our485/low/561.png,data/preprocessed/lol_v1/our485/high/561.png,,
lol_v1,test,data/preprocessed/lol_v1/our485/low/562.png,data/preprocessed/lol_v1/our485/high/562.png,,
lol_v1,test,data/preprocessed/lol_v1/our485/low/563.png,data/preprocessed/lol_v1/our485/high/563.png,,
lol_v1,test,data/preprocessed/lol_v1/our485/low/564.png,data/preprocessed/lol_v1/our485/high/564.png,,
lol_v1,test,data/preprocessed/lol_v1/our485/low/565.png,data/preprocessed/lol_v1/our485/high/565.png,,
lol_v1,test,data/preprocessed/lol_v1/our485/low/566.png,data/preprocessed/lol_v1/our485/high/566.png,,
lol_v1,test,data/preprocessed/lol_v1/our485/low/567.png,data/preprocessed/lol_v1/our485/high/567.png,,
lol_v1,test,data/preprocessed/lol_v1/our485/low/568.png,data/preprocessed/lol_v1/our485/high/568.png,,
lol_v1,test,data/preprocessed/lol_v1/our485/low/569.png,data/preprocessed/lol_v1/our485/high/569.png,,
lol_v1,test,data/preprocessed/lol_v1/our485/low/57.png,data/preprocessed/lol_v1/our485/high/57.png,,
lol_v1,test,data/preprocessed/lol_v1/our485/low/570.png,data/preprocessed/lol_v1/our485/high/570.png,,
lol_v1,test,data/preprocessed/lol_v1/our485/low/571.png,data/preprocessed/lol_v1/our485/high/571.png,,
lol_v1,test,data/preprocessed/lol_v1/our485/low/572.png,data/preprocessed/lol_v1/our485/high/572.png,,
lol_v1,test,data/preprocessed/lol_v1/our485/low/573.png,data/preprocessed/lol_v1/our485/high/573.png,,
lol_v1,test,data/preprocessed/lol_v1/our485/low/574.png,data/preprocessed/lol_v1/our485/high/574.png,,
lol_v1,test,data/preprocessed/lol_v1/our485/low/575.png,data/preprocessed/lol_v1/our485/high/575.png,,
lol_v1,test,data/preprocessed/lol_v1/our485/low/576.png,data/preprocessed/lol_v1/our485/high/576.png,,
lol_v1,test,data/preprocessed/lol_v1/our485/low/578.png,data/preprocessed/lol_v1/our485/high/578.png,,
lol_v1,test,data/preprocessed/lol_v1/our485/low/579.png,data/preprocessed/lol_v1/our485/high/579.png,,
lol_v1,test,data/preprocessed/lol_v1/our485/low/58.png,data/preprocessed/lol_v1/our485/high/58.png,,
lol_v1,test,data/preprocessed/lol_v1/our485/low/580.png,data/preprocessed/lol_v1/our485/high/580.png,,
lol_v1,test,data/preprocessed/lol_v1/our485/low/583.png,data/preprocessed/lol_v1/our485/high/583.png,,
lol_v1,test,data/preprocessed/lol_v1/our485/low/585.png,data/preprocessed/lol_v1/our485/high/585.png,,
lol_v1,test,data/preprocessed/lol_v1/our485/low/586.png,data/preprocessed/lol_v1/our485/high/586.png,,
lol_v1,test,data/preprocessed/lol_v1/our485/low/587.png,data/preprocessed/lol_v1/our485/high/587.png,,
lol_v1,test,data/preprocessed/lol_v1/our485/low/588.png,data/preprocessed/lol_v1/our485/high/588.png,,
lol_v1,test,data/preprocessed/lol_v1/our485/low/59.png,data/preprocessed/lol_v1/our485/high/59.png,,
lol_v1,test,data/preprocessed/lol_v1/our485/low/590.png,data/preprocessed/lol_v1/our485/high/590.png,,
lol_v1,test,data/preprocessed/lol_v1/our485/low/591.png,data/preprocessed/lol_v1/our485/high/591.png,,
lol_v1,test,data/preprocessed/lol_v1/our485/low/592.png,data/preprocessed/lol_v1/our485/high/592.png,,
lol_v1,test,data/preprocessed/lol_v1/our485/low/593.png,data/preprocessed/lol_v1/our485/high/593.png,,
lol_v1,test,data/preprocessed/lol_v1/our485/low/594.png,data/preprocessed/lol_v1/our485/high/594.png,,
lol_v1,test,data/preprocessed/lol_v1/our485/low/595.png,data/preprocessed/lol_v1/our485/high/595.png,,
lol_v1,test,data/preprocessed/lol_v1/our485/low/596.png,data/preprocessed/lol_v1/our485/high/596.png,,
lol_v1,test,data/preprocessed/lol_v1/our485/low/597.png,data/preprocessed/lol_v1/our485/high/597.png,,
lol_v1,test,data/preprocessed/lol_v1/our485/low/598.png,data/preprocessed/lol_v1/our485/high/598.png,,
lol_v1,test,data/preprocessed/lol_v1/our485/low/6.png,data/preprocessed/lol_v1/our485/high/6.png,,
lol_v1,test,data/preprocessed/lol_v1/our485/low/60.png,data/preprocessed/lol_v1/our485/high/60.png,,
lol_v1,test,data/preprocessed/lol_v1/our485/low/600.png,data/preprocessed/lol_v1/our485/high/600.png,,
lol_v1,test,data/preprocessed/lol_v1/our485/low/601.png,data/preprocessed/lol_v1/our485/high/601.png,,
lol_v1,test,data/preprocessed/lol_v1/our485/low/604.png,data/preprocessed/lol_v1/our485/high/604.png,,
lol_v1,test,data/preprocessed/lol_v1/our485/low/605.png,data/preprocessed/lol_v1/our485/high/605.png,,
lol_v1,test,data/preprocessed/lol_v1/our485/low/606.png,data/preprocessed/lol_v1/our485/high/606.png,,
lol_v1,test,data/preprocessed/lol_v1/our485/low/607.png,data/preprocessed/lol_v1/our485/high/607.png,,
lol_v1,test,data/preprocessed/lol_v1/our485/low/608.png,data/preprocessed/lol_v1/our485/high/608.png,,
lol_v1,test,data/preprocessed/lol_v1/our485/low/609.png,data/preprocessed/lol_v1/our485/high/609.png,,
lol_v1,test,data/preprocessed/lol_v1/our485/low/61.png,data/preprocessed/lol_v1/our485/high/61.png,,
lol_v1,test,data/preprocessed/lol_v1/our485/low/610.png,data/preprocessed/lol_v1/our485/high/610.png,,
lol_v1,test,data/preprocessed/lol_v1/our485/low/611.png,data/preprocessed/lol_v1/our485/high/611.png,,
lol_v1,test,data/preprocessed/lol_v1/our485/low/612.png,data/preprocessed/lol_v1/our485/high/612.png,,
lol_v1,test,data/preprocessed/lol_v1/our485/low/613.png,data/preprocessed/lol_v1/our485/high/613.png,,
lol_v1,test,data/preprocessed/lol_v1/our485/low/614.png,data/preprocessed/lol_v1/our485/high/614.png,,
lol_v1,test,data/preprocessed/lol_v1/our485/low/615.png,data/preprocessed/lol_v1/our485/high/615.png,,
lol_v1,test,data/preprocessed/lol_v1/our485/low/616.png,data/preprocessed/lol_v1/our485/high/616.png,,
lol_v1,test,data/preprocessed/lol_v1/our485/low/617.png,data/preprocessed/lol_v1/our485/high/617.png,,
lol_v1,test,data/preprocessed/lol_v1/our485/low/62.png,data/preprocessed/lol_v1/our485/high/62.png,,
lol_v1,test,data/preprocessed/lol_v1/our485/low/620.png,data/preprocessed/lol_v1/our485/high/620.png,,
lol_v1,test,data/preprocessed/lol_v1/our485/low/621.png,data/preprocessed/lol_v1/our485/high/621.png,,
lol_v1,test,data/preprocessed/lol_v1/our485/low/622.png,data/preprocessed/lol_v1/our485/high/622.png,,
lol_v1,test,data/preprocessed/lol_v1/our485/low/623.png,data/preprocessed/lol_v1/our485/high/623.png,,
lol_v1,test,data/preprocessed/lol_v1/our485/low/624.png,data/preprocessed/lol_v1/our485/high/624.png,,
lol_v1,test,data/preprocessed/lol_v1/our485/low/625.png,data/preprocessed/lol_v1/our485/high/625.png,,
lol_v1,test,data/preprocessed/lol_v1/our485/low/626.png,data/preprocessed/lol_v1/our485/high/626.png,,
lol_v1,test,data/preprocessed/lol_v1/our485/low/627.png,data/preprocessed/lol_v1/our485/high/627.png,,
lol_v1,test,data/preprocessed/lol_v1/our485/low/628.png,data/preprocessed/lol_v1/our485/high/628.png,,
lol_v1,test,data/preprocessed/lol_v1/our485/low/629.png,data/preprocessed/lol_v1/our485/high/629.png,,
lol_v1,test,data/preprocessed/lol_v1/our485/low/63.png,data/preprocessed/lol_v1/our485/high/63.png,,
lol_v1,test,data/preprocessed/lol_v1/our485/low/630.png,data/preprocessed/lol_v1/our485/high/630.png,,
lol_v1,test,data/preprocessed/lol_v1/our485/low/633.png,data/preprocessed/lol_v1/our485/high/633.png,,
lol_v1,test,data/preprocessed/lol_v1/our485/low/634.png,data/preprocessed/lol_v1/our485/high/634.png,,
lol_v1,test,data/preprocessed/lol_v1/our485/low/637.png,data/preprocessed/lol_v1/our485/high/637.png,,
lol_v1,test,data/preprocessed/lol_v1/our485/low/638.png,data/preprocessed/lol_v1/our485/high/638.png,,
lol_v1,test,data/preprocessed/lol_v1/our485/low/639.png,data/preprocessed/lol_v1/our485/high/639.png,,
lol_v1,test,data/preprocessed/lol_v1/our485/low/64.png,data/preprocessed/lol_v1/our485/high/64.png,,
lol_v1,test,data/preprocessed/lol_v1/our485/low/640.png,data/preprocessed/lol_v1/our485/high/640.png,,
lol_v1,test,data/preprocessed/lol_v1/our485/low/641.png,data/preprocessed/lol_v1/our485/high/641.png,,
lol_v1,test,data/preprocessed/lol_v1/our485/low/642.png,data/preprocessed/lol_v1/our485/high/642.png,,
lol_v1,test,data/preprocessed/lol_v1/our485/low/643.png,data/preprocessed/lol_v1/our485/high/643.png,,
lol_v1,test,data/preprocessed/lol_v1/our485/low/644.png,data/preprocessed/lol_v1/our485/high/644.png,,
lol_v1,test,data/preprocessed/lol_v1/our485/low/645.png,data/preprocessed/lol_v1/our485/high/645.png,,
lol_v1,test,data/preprocessed/lol_v1/our485/low/646.png,data/preprocessed/lol_v1/our485/high/646.png,,
lol_v1,test,data/preprocessed/lol_v1/our485/low/647.png,data/preprocessed/lol_v1/our485/high/647.png,,
lol_v1,test,data/preprocessed/lol_v1/our485/low/648.png,data/preprocessed/lol_v1/our485/high/648.png,,
lol_v1,test,data/preprocessed/lol_v1/our485/low/649.png,data/preprocessed/lol_v1/our485/high/649.png,,
lol_v1,test,data/preprocessed/lol_v1/our485/low/650.png,data/preprocessed/lol_v1/our485/high/650.png,,
lol_v1,test,data/preprocessed/lol_v1/our485/low/651.png,data/preprocessed/lol_v1/our485/high/651.png,,
lol_v1,test,data/preprocessed/lol_v1/our485/low/653.png,data/preprocessed/lol_v1/our485/high/653.png,,
lol_v1,test,data/preprocessed/lol_v1/our485/low/654.png,data/preprocessed/lol_v1/our485/high/654.png,,
lol_v1,test,data/preprocessed/lol_v1/our485/low/655.png,data/preprocessed/lol_v1/our485/high/655.png,,
lol_v1,test,data/preprocessed/lol_v1/our485/low/658.png,data/preprocessed/lol_v1/our485/high/658.png,,
lol_v1,test,data/preprocessed/lol_v1/our485/low/659.png,data/preprocessed/lol_v1/our485/high/659.png,,
lol_v1,test,data/preprocessed/lol_v1/our485/low/660.png,data/preprocessed/lol_v1/our485/high/660.png,,
lol_v1,test,data/preprocessed/lol_v1/our485/low/661.png,data/preprocessed/lol_v1/our485/high/661.png,,
lol_v1,test,data/preprocessed/lol_v1/our485/low/662.png,data/preprocessed/lol_v1/our485/high/662.png,,
lol_v1,test,data/preprocessed/lol_v1/our485/low/663.png,data/preprocessed/lol_v1/our485/high/663.png,,
lol_v1,test,data/preprocessed/lol_v1/our485/low/664.png,data/preprocessed/lol_v1/our485/high/664.png,,
lol_v1,test,data/preprocessed/lol_v1/our485/low/666.png,data/preprocessed/lol_v1/our485/high/666.png,,
lol_v1,test,data/preprocessed/lol_v1/our485/low/667.png,data/preprocessed/lol_v1/our485/high/667.png,,
lol_v1,test,data/preprocessed/lol_v1/our485/low/668.png,data/preprocessed/lol_v1/our485/high/668.png,,
lol_v1,test,data/preprocessed/lol_v1/our485/low/67.png,data/preprocessed/lol_v1/our485/high/67.png,,
lol_v1,test,data/preprocessed/lol_v1/our485/low/670.png,data/preprocessed/lol_v1/our485/high/670.png,,
lol_v1,test,data/preprocessed/lol_v1/our485/low/671.png,data/preprocessed/lol_v1/our485/high/671.png,,
lol_v1,test,data/preprocessed/lol_v1/our485/low/674.png,data/preprocessed/lol_v1/our485/high/674.png,,
lol_v1,test,data/preprocessed/lol_v1/our485/low/675.png,data/preprocessed/lol_v1/our485/high/675.png,,
lol_v1,test,data/preprocessed/lol_v1/our485/low/676.png,data/preprocessed/lol_v1/our485/high/676.png,,
lol_v1,test,data/preprocessed/lol_v1/our485/low/677.png,data/preprocessed/lol_v1/our485/high/677.png,,
lol_v1,test,data/preprocessed/lol_v1/our485/low/678.png,data/preprocessed/lol_v1/our485/high/678.png,,
lol_v1,test,data/preprocessed/lol_v1/our485/low/679.png,data/preprocessed/lol_v1/our485/high/679.png,,
lol_v1,test,data/preprocessed/lol_v1/our485/low/68.png,data/preprocessed/lol_v1/our485/high/68.png,,
lol_v1,test,data/preprocessed/lol_v1/our485/low/680.png,data/preprocessed/lol_v1/our485/high/680.png,,
lol_v1,test,data/preprocessed/lol_v1/our485/low/681.png,data/preprocessed/lol_v1/our485/high/681.png,,
lol_v1,test,data/preprocessed/lol_v1/our485/low/682.png,data/preprocessed/lol_v1/our485/high/682.png,,
lol_v1,test,data/preprocessed/lol_v1/our485/low/683.png,data/preprocessed/lol_v1/our485/high/683.png,,
lol_v1,test,data/preprocessed/lol_v1/our485/low/684.png,data/preprocessed/lol_v1/our485/high/684.png,,
lol_v1,test,data/preprocessed/lol_v1/our485/low/685.png,data/preprocessed/lol_v1/our485/high/685.png,,
lol_v1,test,data/preprocessed/lol_v1/our485/low/686.png,data/preprocessed/lol_v1/our485/high/686.png,,
lol_v1,test,data/preprocessed/lol_v1/our485/low/687.png,data/preprocessed/lol_v1/our485/high/687.png,,
lol_v1,test,data/preprocessed/lol_v1/our485/low/688.png,data/preprocessed/lol_v1/our485/high/688.png,,
lol_v1,test,data/preprocessed/lol_v1/our485/low/689.png,data/preprocessed/lol_v1/our485/high/689.png,,
lol_v1,test,data/preprocessed/lol_v1/our485/low/69.png,data/preprocessed/lol_v1/our485/high/69.png,,
lol_v1,test,data/preprocessed/lol_v1/our485/low/690.png,data/preprocessed/lol_v1/our485/high/690.png,,
lol_v1,test,data/preprocessed/lol_v1/our485/low/691.png,data/preprocessed/lol_v1/our485/high/691.png,,
lol_v1,test,data/preprocessed/lol_v1/our485/low/692.png,data/preprocessed/lol_v1/our485/high/692.png,,
lol_v1,test,data/preprocessed/lol_v1/our485/low/693.png,data/preprocessed/lol_v1/our485/high/693.png,,
lol_v1,test,data/preprocessed/lol_v1/our485/low/694.png,data/preprocessed/lol_v1/our485/high/694.png,,
lol_v1,test,data/preprocessed/lol_v1/our485/low/695.png,data/preprocessed/lol_v1/our485/high/695.png,,
lol_v1,test,data/preprocessed/lol_v1/our485/low/696.png,data/preprocessed/lol_v1/our485/high/696.png,,
lol_v1,test,data/preprocessed/lol_v1/our485/low/697.png,data/preprocessed/lol_v1/our485/high/697.png,,
lol_v1,test,data/preprocessed/lol_v1/our485/low/698.png,data/preprocessed/lol_v1/our485/high/698.png,,
lol_v1,test,data/preprocessed/lol_v1/our485/low/699.png,data/preprocessed/lol_v1/our485/high/699.png,,
lol_v1,test,data/preprocessed/lol_v1/our485/low/70.png,data/preprocessed/lol_v1/our485/high/70.png,,
lol_v1,test,data/preprocessed/lol_v1/our485/low/700.png,data/preprocessed/lol_v1/our485/high/700.png,,
lol_v1,test,data/preprocessed/lol_v1/our485/low/701.png,data/preprocessed/lol_v1/our485/high/701.png,,
lol_v1,test,data/preprocessed/lol_v1/our485/low/702.png,data/preprocessed/lol_v1/our485/high/702.png,,
lol_v1,test,data/preprocessed/lol_v1/our485/low/703.png,data/preprocessed/lol_v1/our485/high/703.png,,
lol_v1,test,data/preprocessed/lol_v1/our485/low/704.png,data/preprocessed/lol_v1/our485/high/704.png,,
lol_v1,test,data/preprocessed/lol_v1/our485/low/708.png,data/preprocessed/lol_v1/our485/high/708.png,,
lol_v1,test,data/preprocessed/lol_v1/our485/low/709.png,data/preprocessed/lol_v1/our485/high/709.png,,
lol_v1,test,data/preprocessed/lol_v1/our485/low/710.png,data/preprocessed/lol_v1/our485/high/710.png,,
lol_v1,test,data/preprocessed/lol_v1/our485/low/711.png,data/preprocessed/lol_v1/our485/high/711.png,,
lol_v1,test,data/preprocessed/lol_v1/our485/low/712.png,data/preprocessed/lol_v1/our485/high/712.png,,
lol_v1,test,data/preprocessed/lol_v1/our485/low/713.png,data/preprocessed/lol_v1/our485/high/713.png,,
lol_v1,test,data/preprocessed/lol_v1/our485/low/714.png,data/preprocessed/lol_v1/our485/high/714.png,,
lol_v1,test,data/preprocessed/lol_v1/our485/low/715.png,data/preprocessed/lol_v1/our485/high/715.png,,
lol_v1,test,data/preprocessed/lol_v1/our485/low/716.png,data/preprocessed/lol_v1/our485/high/716.png,,
lol_v1,test,data/preprocessed/lol_v1/our485/low/717.png,data/preprocessed/lol_v1/our485/high/717.png,,
lol_v1,test,data/preprocessed/lol_v1/our485/low/718.png,data/preprocessed/lol_v1/our485/high/718.png,,
lol_v1,test,data/preprocessed/lol_v1/our485/low/719.png,data/preprocessed/lol_v1/our485/high/719.png,,
lol_v1,test,data/preprocessed/lol_v1/our485/low/720.png,data/preprocessed/lol_v1/our485/high/720.png,,
lol_v1,test,data/preprocessed/lol_v1/our485/low/721.png,data/preprocessed/lol_v1/our485/high/721.png,,
lol_v1,test,data/preprocessed/lol_v1/our485/low/722.png,data/preprocessed/lol_v1/our485/high/722.png,,
lol_v1,test,data/preprocessed/lol_v1/our485/low/723.png,data/preprocessed/lol_v1/our485/high/723.png,,
lol_v1,test,data/preprocessed/lol_v1/our485/low/724.png,data/preprocessed/lol_v1/our485/high/724.png,,
lol_v1,test,data/preprocessed/lol_v1/our485/low/725.png,data/preprocessed/lol_v1/our485/high/725.png,,
lol_v1,test,data/preprocessed/lol_v1/our485/low/726.png,data/preprocessed/lol_v1/our485/high/726.png,,
lol_v1,test,data/preprocessed/lol_v1/our485/low/727.png,data/preprocessed/lol_v1/our485/high/727.png,,
lol_v1,test,data/preprocessed/lol_v1/our485/low/728.png,data/preprocessed/lol_v1/our485/high/728.png,,
lol_v1,test,data/preprocessed/lol_v1/our485/low/729.png,data/preprocessed/lol_v1/our485/high/729.png,,
lol_v1,test,data/preprocessed/lol_v1/our485/low/73.png,data/preprocessed/lol_v1/our485/high/73.png,,
lol_v1,test,data/preprocessed/lol_v1/our485/low/730.png,data/preprocessed/lol_v1/our485/high/730.png,,
lol_v1,test,data/preprocessed/lol_v1/our485/low/731.png,data/preprocessed/lol_v1/our485/high/731.png,,
lol_v1,test,data/preprocessed/lol_v1/our485/low/732.png,data/preprocessed/lol_v1/our485/high/732.png,,
lol_v1,test,data/preprocessed/lol_v1/our485/low/733.png,data/preprocessed/lol_v1/our485/high/733.png,,
lol_v1,test,data/preprocessed/lol_v1/our485/low/734.png,data/preprocessed/lol_v1/our485/high/734.png,,
lol_v1,test,data/preprocessed/lol_v1/our485/low/735.png,data/preprocessed/lol_v1/our485/high/735.png,,
lol_v1,test,data/preprocessed/lol_v1/our485/low/736.png,data/preprocessed/lol_v1/our485/high/736.png,,
lol_v1,test,data/preprocessed/lol_v1/our485/low/737.png,data/preprocessed/lol_v1/our485/high/737.png,,
lol_v1,test,data/preprocessed/lol_v1/our485/low/738.png,data/preprocessed/lol_v1/our485/high/738.png,,
lol_v1,test,data/preprocessed/lol_v1/our485/low/739.png,data/preprocessed/lol_v1/our485/high/739.png,,
lol_v1,test,data/preprocessed/lol_v1/our485/low/74.png,data/preprocessed/lol_v1/our485/high/74.png,,
lol_v1,test,data/preprocessed/lol_v1/our485/low/740.png,data/preprocessed/lol_v1/our485/high/740.png,,
lol_v1,test,data/preprocessed/lol_v1/our485/low/741.png,data/preprocessed/lol_v1/our485/high/741.png,,
lol_v1,test,data/preprocessed/lol_v1/our485/low/743.png,data/preprocessed/lol_v1/our485/high/743.png,,
lol_v1,test,data/preprocessed/lol_v1/our485/low/744.png,data/preprocessed/lol_v1/our485/high/744.png,,
lol_v1,test,data/preprocessed/lol_v1/our485/low/745.png,data/preprocessed/lol_v1/our485/high/745.png,,
lol_v1,test,data/preprocessed/lol_v1/our485/low/746.png,data/preprocessed/lol_v1/our485/high/746.png,,
lol_v1,test,data/preprocessed/lol_v1/our485/low/747.png,data/preprocessed/lol_v1/our485/high/747.png,,
lol_v1,test,data/preprocessed/lol_v1/our485/low/75.png,data/preprocessed/lol_v1/our485/high/75.png,,
lol_v1,test,data/preprocessed/lol_v1/our485/low/750.png,data/preprocessed/lol_v1/our485/high/750.png,,
lol_v1,test,data/preprocessed/lol_v1/our485/low/751.png,data/preprocessed/lol_v1/our485/high/751.png,,
lol_v1,test,data/preprocessed/lol_v1/our485/low/752.png,data/preprocessed/lol_v1/our485/high/752.png,,
lol_v1,test,data/preprocessed/lol_v1/our485/low/757.png,data/preprocessed/lol_v1/our485/high/757.png,,
lol_v1,test,data/preprocessed/lol_v1/our485/low/758.png,data/preprocessed/lol_v1/our485/high/758.png,,
lol_v1,test,data/preprocessed/lol_v1/our485/low/759.png,data/preprocessed/lol_v1/our485/high/759.png,,
lol_v1,test,data/preprocessed/lol_v1/our485/low/76.png,data/preprocessed/lol_v1/our485/high/76.png,,
lol_v1,test,data/preprocessed/lol_v1/our485/low/760.png,data/preprocessed/lol_v1/our485/high/760.png,,
lol_v1,test,data/preprocessed/lol_v1/our485/low/761.png,data/preprocessed/lol_v1/our485/high/761.png,,
lol_v1,test,data/preprocessed/lol_v1/our485/low/762.png,data/preprocessed/lol_v1/our485/high/762.png,,
lol_v1,test,data/preprocessed/lol_v1/our485/low/763.png,data/preprocessed/lol_v1/our485/high/763.png,,
lol_v1,test,data/preprocessed/lol_v1/our485/low/764.png,data/preprocessed/lol_v1/our485/high/764.png,,
lol_v1,test,data/preprocessed/lol_v1/our485/low/765.png,data/preprocessed/lol_v1/our485/high/765.png,,
lol_v1,test,data/preprocessed/lol_v1/our485/low/766.png,data/preprocessed/lol_v1/our485/high/766.png,,
lol_v1,test,data/preprocessed/lol_v1/our485/low/769.png,data/preprocessed/lol_v1/our485/high/769.png,,
lol_v1,test,data/preprocessed/lol_v1/our485/low/77.png,data/preprocessed/lol_v1/our485/high/77.png,,
lol_v1,test,data/preprocessed/lol_v1/our485/low/770.png,data/preprocessed/lol_v1/our485/high/770.png,,
lol_v1,test,data/preprocessed/lol_v1/our485/low/771.png,data/preprocessed/lol_v1/our485/high/771.png,,
lol_v1,test,data/preprocessed/lol_v1/our485/low/772.png,data/preprocessed/lol_v1/our485/high/772.png,,
lol_v1,test,data/preprocessed/lol_v1/our485/low/773.png,data/preprocessed/lol_v1/our485/high/773.png,,
lol_v1,test,data/preprocessed/lol_v1/our485/low/774.png,data/preprocessed/lol_v1/our485/high/774.png,,
lol_v1,test,data/preprocessed/lol_v1/our485/low/775.png,data/preprocessed/lol_v1/our485/high/775.png,,
lol_v1,test,data/preprocessed/lol_v1/our485/low/776.png,data/preprocessed/lol_v1/our485/high/776.png,,
lol_v1,test,data/preprocessed/lol_v1/our485/low/777.png,data/preprocessed/lol_v1/our485/high/777.png,,
lol_v1,test,data/preprocessed/lol_v1/our485/low/779.png,data/preprocessed/lol_v1/our485/high/779.png,,
lol_v1,test,data/preprocessed/lol_v1/our485/low/78.png,data/preprocessed/lol_v1/our485/high/78.png,,
lol_v1,test,data/preprocessed/lol_v1/our485/low/781.png,data/preprocessed/lol_v1/our485/high/781.png,,
lol_v1,test,data/preprocessed/lol_v1/our485/low/782.png,data/preprocessed/lol_v1/our485/high/782.png,,
lol_v1,test,data/preprocessed/lol_v1/our485/low/783.png,data/preprocessed/lol_v1/our485/high/783.png,,
lol_v1,test,data/preprocessed/lol_v1/our485/low/784.png,data/preprocessed/lol_v1/our485/high/784.png,,
lol_v1,test,data/preprocessed/lol_v1/our485/low/785.png,data/preprocessed/lol_v1/our485/high/785.png,,
lol_v1,test,data/preprocessed/lol_v1/our485/low/786.png,data/preprocessed/lol_v1/our485/high/786.png,,
lol_v1,test,data/preprocessed/lol_v1/our485/low/787.png,data/preprocessed/lol_v1/our485/high/787.png,,
lol_v1,test,data/preprocessed/lol_v1/our485/low/788.png,data/preprocessed/lol_v1/our485/high/788.png,,
lol_v1,test,data/preprocessed/lol_v1/our485/low/789.png,data/preprocessed/lol_v1/our485/high/789.png,,
lol_v1,test,data/preprocessed/lol_v1/our485/low/80.png,data/preprocessed/lol_v1/our485/high/80.png,,
lol_v1,test,data/preprocessed/lol_v1/our485/low/81.png,data/preprocessed/lol_v1/our485/high/81.png,,
lol_v1,test,data/preprocessed/lol_v1/our485/low/82.png,data/preprocessed/lol_v1/our485/high/82.png,,
lol_v1,test,data/preprocessed/lol_v1/our485/low/83.png,data/preprocessed/lol_v1/our485/high/83.png,,
lol_v1,test,data/preprocessed/lol_v1/our485/low/84.png,data/preprocessed/lol_v1/our485/high/84.png,,
lol_v1,test,data/preprocessed/lol_v1/our485/low/86.png,data/preprocessed/lol_v1/our485/high/86.png,,
lol_v1,test,data/preprocessed/lol_v1/our485/low/87.png,data/preprocessed/lol_v1/our485/high/87.png,,
lol_v1,test,data/preprocessed/lol_v1/our485/low/88.png,data/preprocessed/lol_v1/our485/high/88.png,,
lol_v1,test,data/preprocessed/lol_v1/our485/low/89.png,data/preprocessed/lol_v1/our485/high/89.png,,
lol_v1,test,data/preprocessed/lol_v1/our485/low/9.png,data/preprocessed/lol_v1/our485/high/9.png,,
lol_v1,test,data/preprocessed/lol_v1/our485/low/91.png,data/preprocessed/lol_v1/our485/high/91.png,,
lol_v1,test,data/preprocessed/lol_v1/our485/low/92.png,data/preprocessed/lol_v1/our485/high/92.png,,
lol_v1,test,data/preprocessed/lol_v1/our485/low/93.png,data/preprocessed/lol_v1/our485/high/93.png,,
lol_v1,test,data/preprocessed/lol_v1/our485/low/94.png,data/preprocessed/lol_v1/our485/high/94.png,,
lol_v1,test,data/preprocessed/lol_v1/our485/low/95.png,data/preprocessed/lol_v1/our485/high/95.png,,
lol_v1,test,data/preprocessed/lol_v1/our485/low/96.png,data/preprocessed/lol_v1/our485/high/96.png,,
lol_v1,test,data/preprocessed/lol_v1/our485/low/97.png,data/preprocessed/lol_v1/our485/high/97.png,,
lol_v1,test,data/preprocessed/lol_v1/our485/low/98.png,data/preprocessed/lol_v1/our485/high/98.png,,
lol_v1,test,data/preprocessed/lol_v1/our485/low/99.png,data/preprocessed/lol_v1/our485/high/99.png,,
